{
    "frame": 250,
    "location": {
        "x": 0.0,
        "y": -3.0399467945098877,
        "z": 0.0
    },
    "rotation": {
        "x": 1.5707964897155762,
        "y": -0.0,
        "z": -0.0
    }
}